{
	"pattrstorage" : 	{
		"name" : "colortrail",
		"slots" : 		{
			"1" : 			{
				"id" : 1,
				"data" : 				{
					"sc.texture.edge.distance::threshold" : [ 0.14 ],
					"sc.texture.edge.distance::bypass" : [ 0.0 ],
					"sc.texture.edge.distance::blur" : [ 3.904999971389771, 3.904999971389771 ],
					"sc.texture.edge.distance::memory" : [ 0.9 ],
					"sc.texture.edge.distance::lpf" : [ 1.0 ],
					"sc.texture.edge.distance::u735007786" : [ 3.904999971389771, 3.904999971389771 ],
					"sc.texture.edge.distance::use_threshold" : [ 1.0 ],
					"sc.texture.slide::slide_up" : [ 1.0 ],
					"sc.texture.slide::slide_down" : [ 5.0 ],
					"sc.texture.slide::bypass" : [ 0.0 ],
					"sc.texture.alphareplace::bypass" : [ 0.0 ],
					"sc.texture.alphareplace[1]::bypass" : [ 0.0 ],
					"sc.texture.colormap::interp" : [ 1.0 ],
					"sc.texture.colormap::amount" : [ 1.0 ],
					"sc.texture.colormap::red" : [ 0, 0, 1, 2, 3, 4, 5, 6, 7, 8, 9, 10, 11, 12, 13, 14, 15, 16, 17, 30, 33, 35, 38, 41, 44, 46, 49, 52, 54, 57, 59, 60, 62, 63, 65, 66, 68, 69, 71, 72, 72, 73, 73, 74, 75, 75, 76, 76, 77, 77, 77, 77, 77, 77, 77, 77, 77, 77, 77, 77, 77, 77, 77, 77, 77, 77, 77, 77, 77, 77, 77, 76, 76, 76, 76, 76, 76, 75, 75, 75, 75, 75, 75, 75, 74, 74, 74, 74, 73, 73, 72, 72, 71, 70, 68, 67, 65, 64, 62, 61, 59, 58, 58, 57, 56, 54, 53, 51, 50, 48, 47, 45, 44, 43, 41, 40, 39, 37, 35, 33, 32, 31, 30, 29, 28, 27, 26, 25, 24, 23, 22, 22, 22, 22, 21, 19, 19, 19, 42, 43, 44, 45, 50, 54, 65, 68, 71, 73, 74, 76, 77, 79, 92, 96, 99, 103, 112, 127, 128, 128, 132, 133, 133, 134, 134, 135, 135, 135, 135, 135, 135, 135, 135, 135, 135, 134, 132, 128, 125, 121, 117, 113, 109, 107, 104, 102, 99, 94, 82, 71, 33, 33, 33, 33, 33, 33, 33, 33, 33, 33, 33, 33, 35, 36, 39, 42, 45, 48, 51, 127, 129, 130, 161, 161, 167, 214, 215, 216, 217, 218, 219, 220, 221, 222, 223, 224, 225, 226, 227, 228, 229, 230, 231, 232, 233, 234, 235, 236, 237, 238, 239, 240, 241, 242, 243, 244, 245, 246, 247, 248, 249, 250, 251, 252, 253, 254 ],
					"sc.texture.colormap::green" : [ 0, 0, 0, 0, 0, 0, 0, 0, 0, 0, 0, 0, 0, 0, 0, 0, 0, 0, 0, 0, 0, 0, 0, 0, 0, 0, 0, 0, 0, 0, 0, 0, 0, 27, 29, 31, 36, 37, 38, 40, 41, 42, 43, 44, 45, 46, 47, 48, 49, 50, 51, 52, 53, 54, 56, 57, 57, 57, 57, 58, 58, 59, 60, 61, 62, 63, 63, 64, 64, 65, 65, 65, 65, 65, 65, 65, 64, 64, 63, 63, 62, 61, 60, 60, 59, 58, 57, 57, 56, 55, 54, 53, 53, 52, 51, 50, 48, 47, 46, 44, 43, 42, 40, 39, 37, 35, 30, 29, 106, 108, 109, 111, 112, 114, 115, 115, 115, 115, 112, 100, 99, 98, 97, 93, 90, 86, 84, 82, 77, 74, 71, 39, 35, 27, 25, 23, 22, 20, 18, 13, 13, 13, 13, 13, 13, 13, 13, 13, 14, 15, 16, 17, 17, 18, 18, 19, 19, 20, 21, 22, 22, 22, 22, 22, 22, 23, 24, 25, 27, 29, 31, 34, 36, 38, 40, 42, 42, 42, 42, 48, 53, 68, 74, 80, 86, 90, 153, 154, 156, 157, 158, 160, 164, 164, 164, 164, 161, 159, 156, 152, 147, 145, 143, 141, 135, 130, 74, 67, 61, 36, 34, 32, 22, 21, 19, 19, 19, 19, 19, 19, 19, 19, 19, 19, 21, 22, 22, 22, 22, 23, 24, 25, 25, 26, 26, 26, 27, 27, 29, 30, 31, 32, 33, 34, 35, 36, 37, 37, 38, 38, 39, 39, 44, 48, 51, 170 ],
					"sc.texture.colormap::blue" : [ 0, 0, 0, 0, 0, 0, 0, 0, 0, 0, 0, 0, 0, 0, 0, 0, 0, 0, 0, 0, 0, 0, 0, 0, 0, 0, 0, 0, 0, 0, 0, 0, 0, 0, 0, 0, 0, 0, 0, 0, 0, 0, 0, 57, 59, 60, 62, 65, 67, 70, 73, 75, 78, 80, 83, 84, 85, 87, 88, 89, 90, 91, 92, 92, 92, 92, 95, 97, 98, 98, 99, 99, 100, 100, 100, 99, 99, 99, 98, 98, 97, 97, 95, 94, 92, 91, 90, 86, 86, 86, 83, 80, 77, 76, 75, 71, 70, 65, 64, 63, 62, 61, 60, 54, 52, 50, 42, 41, 39, 36, 33, 30, 30, 30, 30, 29, 27, 26, 26, 25, 25, 24, 24, 23, 23, 22, 22, 22, 27, 31, 94, 95, 96, 103, 106, 109, 111, 113, 115, 116, 117, 118, 119, 120, 121, 121, 115, 114, 113, 109, 107, 104, 102, 99, 97, 94, 92, 89, 88, 86, 85, 83, 82, 80, 79, 74, 72, 70, 57, 56, 55, 42, 41, 40, 36, 36, 36, 37, 38, 39, 43, 47, 51, 55, 59, 63, 67, 94, 100, 106, 124, 126, 127, 129, 130, 132, 134, 136, 138, 139, 140, 144, 146, 150, 149, 148, 147, 146, 145, 132, 132, 132, 121, 117, 109, 108, 107, 94, 93, 93, 92, 88, 84, 59, 57, 45, 43, 41, 36, 36, 36, 65, 67, 69, 70, 72, 97, 99, 101, 86, 85, 84, 83, 83, 83, 83, 83, 83, 83, 83, 59, 59, 65, 62, 62, 62 ],
					"sc.texture.colormap::bypass" : [ 0.0 ],
					"sc.texture.rgb2luma::rscale" : [ 0.299 ],
					"sc.texture.rgb2luma::gscale" : [ 0.587 ],
					"sc.texture.rgb2luma::bscale" : [ 0.114 ],
					"sc.texture.rgb2luma::bypass" : [ 0.0 ],
					"sc.texture.invert::bypass" : [ 0.0 ]
				}

			}

		}

	}

}
